{
  "constructor": {
    "precision": 1.0,
    "recall": 0.6666666666666666,
    "f1-score": 0.8,
    "support": 3,
    "confused_with": {}
  },
  "year": {
    "precision": 1.0,
    "recall": 1.0,
    "f1-score": 1.0,
    "support": 9,
    "confused_with": {}
  },
  "driver": {
    "precision": 1.0,
    "recall": 0.3333333333333333,
    "f1-score": 0.5,
    "support": 6,
    "confused_with": {
      "circuit": 1
    }
  },
  "circuit": {
    "precision": 0.6666666666666666,
    "recall": 1.0,
    "f1-score": 0.8,
    "support": 2,
    "confused_with": {}
  },
  "micro avg": {
    "precision": 0.9375,
    "recall": 0.75,
    "f1-score": 0.8333333333333334,
    "support": 20
  },
  "macro avg": {
    "precision": 0.9166666666666666,
    "recall": 0.75,
    "f1-score": 0.7749999999999999,
    "support": 20
  },
  "weighted avg": {
    "precision": 0.9666666666666666,
    "recall": 0.75,
    "f1-score": 0.8,
    "support": 20
  }
}