{
  "constructor": {
    "precision": 1.0,
    "recall": 1.0,
    "f1-score": 1.0,
    "support": 4,
    "confused_with": {}
  },
  "year": {
    "precision": 0.8461538461538461,
    "recall": 1.0,
    "f1-score": 0.9166666666666666,
    "support": 11,
    "confused_with": {}
  },
  "driver": {
    "precision": 0.7142857142857143,
    "recall": 1.0,
    "f1-score": 0.8333333333333333,
    "support": 5,
    "confused_with": {}
  },
  "circuit": {
    "precision": 0.5,
    "recall": 0.5,
    "f1-score": 0.5,
    "support": 2,
    "confused_with": {
      "driver": 1
    }
  },
  "micro avg": {
    "precision": 0.8076923076923077,
    "recall": 0.9545454545454546,
    "f1-score": 0.875,
    "support": 22
  },
  "macro avg": {
    "precision": 0.7651098901098902,
    "recall": 0.875,
    "f1-score": 0.8125,
    "support": 22
  },
  "weighted avg": {
    "precision": 0.8126873126873128,
    "recall": 0.9545454545454546,
    "f1-score": 0.875,
    "support": 22
  }
}