{
  "constructor": {
    "precision": 0.0,
    "recall": 0.0,
    "f1-score": 0.0,
    "support": 6,
    "confused_with": {}
  },
  "year": {
    "precision": 1.0,
    "recall": 1.0,
    "f1-score": 1.0,
    "support": 8,
    "confused_with": {}
  },
  "driver": {
    "precision": 1.0,
    "recall": 0.25,
    "f1-score": 0.4,
    "support": 4,
    "confused_with": {}
  },
  "micro avg": {
    "precision": 1.0,
    "recall": 0.5,
    "f1-score": 0.6666666666666666,
    "support": 18
  },
  "macro avg": {
    "precision": 0.6666666666666666,
    "recall": 0.4166666666666667,
    "f1-score": 0.4666666666666666,
    "support": 18
  },
  "weighted avg": {
    "precision": 0.6666666666666666,
    "recall": 0.5,
    "f1-score": 0.5333333333333333,
    "support": 18
  }
}