{
  "constructor": {
    "precision": 1.0,
    "recall": 1.0,
    "f1-score": 1.0,
    "support": 3,
    "confused_with": {}
  },
  "year": {
    "precision": 1.0,
    "recall": 1.0,
    "f1-score": 1.0,
    "support": 9,
    "confused_with": {}
  },
  "driver": {
    "precision": 0.8571428571428571,
    "recall": 1.0,
    "f1-score": 0.923076923076923,
    "support": 6,
    "confused_with": {}
  },
  "circuit": {
    "precision": 1.0,
    "recall": 1.0,
    "f1-score": 1.0,
    "support": 2,
    "confused_with": {}
  },
  "micro avg": {
    "precision": 0.9523809523809523,
    "recall": 1.0,
    "f1-score": 0.975609756097561,
    "support": 20
  },
  "macro avg": {
    "precision": 0.9642857142857143,
    "recall": 1.0,
    "f1-score": 0.9807692307692307,
    "support": 20
  },
  "weighted avg": {
    "precision": 0.9571428571428571,
    "recall": 1.0,
    "f1-score": 0.976923076923077,
    "support": 20
  }
}