{
  "constructor": {
    "precision": 1.0,
    "recall": 1.0,
    "f1-score": 1.0,
    "support": 3,
    "confused_with": {}
  },
  "driver": {
    "precision": 0.8333333333333334,
    "recall": 1.0,
    "f1-score": 0.9090909090909091,
    "support": 5,
    "confused_with": {}
  },
  "year": {
    "precision": 0.875,
    "recall": 1.0,
    "f1-score": 0.9333333333333333,
    "support": 7,
    "confused_with": {}
  },
  "circuit": {
    "precision": 1.0,
    "recall": 1.0,
    "f1-score": 1.0,
    "support": 2,
    "confused_with": {}
  },
  "micro avg": {
    "precision": 0.8947368421052632,
    "recall": 1.0,
    "f1-score": 0.9444444444444444,
    "support": 17
  },
  "macro avg": {
    "precision": 0.9270833333333334,
    "recall": 1.0,
    "f1-score": 0.9606060606060607,
    "support": 17
  },
  "weighted avg": {
    "precision": 0.8995098039215687,
    "recall": 1.0,
    "f1-score": 0.9458110516934046,
    "support": 17
  }
}