{
  "constructor": {
    "precision": 0.0,
    "recall": 0.0,
    "f1-score": 0.0,
    "support": 6,
    "confused_with": {
      "driver": 1
    }
  },
  "year": {
    "precision": 1.0,
    "recall": 1.0,
    "f1-score": 1.0,
    "support": 8,
    "confused_with": {}
  },
  "driver": {
    "precision": 0.6666666666666666,
    "recall": 0.5,
    "f1-score": 0.5714285714285715,
    "support": 4,
    "confused_with": {}
  },
  "micro avg": {
    "precision": 0.9090909090909091,
    "recall": 0.5555555555555556,
    "f1-score": 0.6896551724137931,
    "support": 18
  },
  "macro avg": {
    "precision": 0.5555555555555555,
    "recall": 0.5,
    "f1-score": 0.5238095238095238,
    "support": 18
  },
  "weighted avg": {
    "precision": 0.5925925925925926,
    "recall": 0.5555555555555556,
    "f1-score": 0.5714285714285715,
    "support": 18
  }
}