{
  "constructor": {
    "precision": 0.6666666666666666,
    "recall": 0.5,
    "f1-score": 0.5714285714285715,
    "support": 4,
    "confused_with": {}
  },
  "year": {
    "precision": 0.8461538461538461,
    "recall": 1.0,
    "f1-score": 0.9166666666666666,
    "support": 11,
    "confused_with": {}
  },
  "driver": {
    "precision": 1.0,
    "recall": 0.2,
    "f1-score": 0.33333333333333337,
    "support": 5,
    "confused_with": {
      "constructor": 1
    }
  },
  "circuit": {
    "precision": 0.0,
    "recall": 0.0,
    "f1-score": 0.0,
    "support": 2,
    "confused_with": {}
  },
  "micro avg": {
    "precision": 0.7777777777777778,
    "recall": 0.6363636363636364,
    "f1-score": 0.7000000000000001,
    "support": 22
  },
  "macro avg": {
    "precision": 0.6282051282051282,
    "recall": 0.425,
    "f1-score": 0.4553571428571429,
    "support": 22
  },
  "weighted avg": {
    "precision": 0.7715617715617715,
    "recall": 0.6363636363636364,
    "f1-score": 0.637987012987013,
    "support": 22
  }
}