{
  "constructor": {
    "precision": 0.7142857142857143,
    "recall": 0.8333333333333334,
    "f1-score": 0.7692307692307692,
    "support": 6,
    "confused_with": {}
  },
  "year": {
    "precision": 1.0,
    "recall": 1.0,
    "f1-score": 1.0,
    "support": 8,
    "confused_with": {}
  },
  "driver": {
    "precision": 0.8,
    "recall": 1.0,
    "f1-score": 0.888888888888889,
    "support": 4,
    "confused_with": {}
  },
  "micro avg": {
    "precision": 0.85,
    "recall": 0.9444444444444444,
    "f1-score": 0.8947368421052632,
    "support": 18
  },
  "macro avg": {
    "precision": 0.8380952380952381,
    "recall": 0.9444444444444445,
    "f1-score": 0.886039886039886,
    "support": 18
  },
  "weighted avg": {
    "precision": 0.8603174603174603,
    "recall": 0.9444444444444444,
    "f1-score": 0.8983855650522317,
    "support": 18
  }
}