{
  "constructor": {
    "precision": 1.0,
    "recall": 1.0,
    "f1-score": 1.0,
    "support": 5,
    "confused_with": {}
  },
  "year": {
    "precision": 0.8333333333333334,
    "recall": 1.0,
    "f1-score": 0.9090909090909091,
    "support": 10,
    "confused_with": {}
  },
  "driver": {
    "precision": 0.8,
    "recall": 1.0,
    "f1-score": 0.888888888888889,
    "support": 8,
    "confused_with": {}
  },
  "circuit": {
    "precision": 1.0,
    "recall": 0.5,
    "f1-score": 0.6666666666666666,
    "support": 2,
    "confused_with": {
      "driver": 1
    }
  },
  "micro avg": {
    "precision": 0.8571428571428571,
    "recall": 0.96,
    "f1-score": 0.9056603773584904,
    "support": 25
  },
  "macro avg": {
    "precision": 0.9083333333333334,
    "recall": 0.875,
    "f1-score": 0.8661616161616161,
    "support": 25
  },
  "weighted avg": {
    "precision": 0.8693333333333334,
    "recall": 0.96,
    "f1-score": 0.9014141414141413,
    "support": 25
  }
}