{
  "constructor": {
    "precision": 1.0,
    "recall": 0.5,
    "f1-score": 0.6666666666666666,
    "support": 4,
    "confused_with": {}
  },
  "year": {
    "precision": 0.8461538461538461,
    "recall": 1.0,
    "f1-score": 0.9166666666666666,
    "support": 11,
    "confused_with": {}
  },
  "driver": {
    "precision": 1.0,
    "recall": 0.4,
    "f1-score": 0.5714285714285715,
    "support": 5,
    "confused_with": {}
  },
  "circuit": {
    "precision": 0.0,
    "recall": 0.0,
    "f1-score": 0.0,
    "support": 2,
    "confused_with": {}
  },
  "micro avg": {
    "precision": 0.8823529411764706,
    "recall": 0.6818181818181818,
    "f1-score": 0.7692307692307693,
    "support": 22
  },
  "macro avg": {
    "precision": 0.7115384615384616,
    "recall": 0.475,
    "f1-score": 0.5386904761904762,
    "support": 22
  },
  "weighted avg": {
    "precision": 0.8321678321678321,
    "recall": 0.6818181818181818,
    "f1-score": 0.7094155844155844,
    "support": 22
  }
}