{
  "default": [
    [
      0.8862938137131686
    ],
    [
      0.8732974910394264
    ],
    [
      0.8689697399374819
    ]
  ],
  "spacy": [
    [
      0.8860633989666248
    ],
    [
      0.8867895545314901
    ],
    [
      0.88494623655914
    ]
  ],
  "mitie": [
    [
      0.8101835440545118
    ],
    [
      0.7481240296705194
    ],
    [
      0.7805171530977983
    ]
  ]
}