{
  "default": [
    [
      0.7984649965419195
    ],
    [
      0.8985509588450765
    ],
    [
      0.7203350068734685
    ]
  ],
  "spacy": [
    [
      0.7775802628743805
    ],
    [
      0.8947242300183477
    ],
    [
      0.754115595942519
    ]
  ],
  "mitie": [
    [
      0.7372766122766122
    ],
    [
      0.7548391151332328
    ],
    [
      0.6836127547666009
    ]
  ]
}